{
    "taxonomy": "Bearings/Ball bearings/Deep groove ball bearings",
    "designation": "6205 N",
    "short_description": "Deep groove ball bearing with snap ring groove",
    "description": "Single row deep groove ball bearings with a snap ring groove are particularly versatile, have low friction and are optimized for low noise and low vibration, which enables high rotational speeds. They accommodate radial and axial loads in both directions, are easy to mount, and require less maintenance than many other bearing types. An annular groove in the outer ring enables the bearings to retain a snap ring.",
    "category": "Deep groove ball bearings",
    "title": "6205 N",
    "benefits": "Can accommodate a snap ring\nSimple, versatile and robust design\nLow friction and high-speed capability\nAccommodate radial and axial loads in both directions\nRequire little maintenance",
    "system": "metric",
    "language": "en",
    "source": "pim",
    "dimensions": [
        {
            "name": "Outside diameter",
            "value": 52,
            "unit": "mm",
            "symbol": "D"
        },
        {
            "name": "Width",
            "value": 15,
            "unit": "mm",
            "symbol": "B"
        },
        {
            "name": "Bore diameter",
            "value": 25,
            "unit": "mm",
            "symbol": "d"
        }
    ],
    "properties": [
        {
            "name": "Material, bearing",
            "value": "Bearing steel"
        },
        {
            "name": "Cage",
            "value": "Sheet metal"
        },
        {
            "name": "Bore type",
            "value": "Cylindrical"
        },
        {
            "name": "Coating",
            "value": "Without"
        },
        {
            "name": "Number of rows",
            "value": "1"
        },
        {
            "name": "Lubricant",
            "value": "None"
        },
        {
            "name": "Relubrication feature",
            "value": "Without"
        },
        {
            "name": "Locating feature, bearing outer ring",
            "value": "Snap ring groove"
        },
        {
            "name": "Tolerance class",
            "value": "Class P6 (P6)"
        },
        {
            "name": "Filling slots",
            "value": "Without"
        },
        {
            "name": "Sealing",
            "value": "Without"
        },
        {
            "name": "Radial internal clearance",
            "value": "CN"
        },
        {
            "name": "Matched arrangement",
            "value": "No"
        }
    ],
    "performance": [
        {
            "name": "Reference speed",
            "value": 28000,
            "unit": "r/min"
        },
        {
            "name": "Basic static load rating",
            "value": 7.8,
            "unit": "kN",
            "symbol": "C0"
        },
        {
            "name": "Basic dynamic load rating",
            "value": 14.8,
            "unit": "kN",
            "symbol": "C"
        },
        {
            "name": "SKF performance class",
            "value": "SKF Explorer"
        },
        {
            "name": "Limiting speed",
            "value": 18000,
            "unit": "r/min",
            "symbol": "nlim"
        }
    ],
    "logistics": [
        {
            "name": "EAN code",
            "value": "07316570999402"
        },
        {
            "name": "Products per pallet",
            "value": "1320"
        },
        {
            "name": "Pack code",
            "value": "12"
        },
        {
            "name": "Pack gross weight",
            "value": 0.129,
            "unit": "kg"
        },
        {
            "name": "Pack height",
            "value": 67,
            "unit": "mm"
        },
        {
            "name": "Pack length",
            "value": 65,
            "unit": "mm"
        },
        {
            "name": "Pack volume",
            "value": 0.0958,
            "unit": "dm³"
        },
        {
            "name": "Pack width",
            "value": 22,
            "unit": "mm"
        },
        {
            "name": "Products per pack",
            "value": "1"
        },
        {
            "name": "Collecting pack quantity",
            "value": "5"
        },
        {
            "name": "eClass code",
            "value": "23-05-08-01"
        },
        {
            "name": "Product net weight",
            "value": 0.124,
            "unit": "kg"
        },
        {
            "name": "UNSPSC code",
            "value": "31171504"
        }
    ],
    "specifications": [
        {
            "name": "photo_url",
            "value": "https://cdn.skfmediahub.skf.com/api/public/0901d196808e876a/png_highpreview/0901d196808e876a_png_highpreview.png"
        },
        {
            "name": "z12",
            "value": "BC"
        },
        {
            "name": "z11",
            "value": "BB1"
        },
        {
            "name": "z14",
            "value": "CN"
        },
        {
            "name": "z66",
            "value": "51450"
        }
    ],
    "article_numbers": [
        "07316570999402",
        "07316570999396",
        "07316570999419"
    ],
    "id": "6205n-pim-en-metric",
    "source_tag": "6c54ed304c17aca23a8e8883d0b9e5fbea2f3ce71b90cb4305ba3977fe9d3d31",
    "_rid": "vGs3AODIQl4C9QAAAAAAAA==",
    "_self": "dbs/vGs3AA==/colls/vGs3AODIQl4=/docs/vGs3AODIQl4C9QAAAAAAAA==/",
    "_etag": "\"0b02a446-0000-0e00-0000-6753d6af0000\"",
    "_attachments": "attachments/",
    "_ts": 1733547695
}